pt_root_id,total_myelin_length,cell_type,number_of_segments
864691135739733140,221.03,4P,29
864691136041000190,0.0,6P-IT,63
864691135938604804,279.49,23P,104
864691136578982164,0.0,4P,69
864691135209715577,0.0,6P-IT,9
864691135700409211,266.1,4P,88
864691136176327430,58.77,23P,41
864691136313301565,490.47,4P,86
864691135417236410,712.5,23P,64
864691135101521952,0.0,4P,45
864691135562147041,64.3,4P,57
864691135431089968,0.0,6P-IT,38
864691136195796182,2199.35,BC,549
864691135572385061,146.52,23P,30
864691136196131542,186.98,23P,73
864691135867009413,92.65,23P,83
864691135782506832,14.72,4P,49
864691134919144714,49.93,4P,69
864691136725353725,2.81,6P-IT,20
864691135572346349,511.41,5P-IT,49
864691135993429185,130.07,4P,93
864691136025329721,722.87,4P,42
864691135699487522,153.43,MC,789
864691135233242713,333.74,5P-ET,67
864691135725838763,0.0,6P-CT,43
864691136194355176,87.04,23P,19
864691136134678667,819.74,6P-CT,25
864691135778465376,187.96,6P-IT,37
864691135778331232,53.31,6P-IT,47
864691135849401950,0.0,4P,38
864691135430186032,262.1,MC,65
864691136309871706,184.22,23P,69
864691135356753871,917.52,5P-IT,95
864691135782265936,1605.5,4P,92
864691135875121038,162.71,23P,66
864691135915343462,0.0,4P,61
864691135258083503,3.13,23P,72
864691135928938196,837.64,BC,666
864691135105897037,793.08,23P,91
864691134990291066,1012.4,4P,86
864691136991390869,749.69,5P-IT,87
864691136137834877,424.65,23P,134
864691136927176778,135.15,MC,54
864691136311213914,3364.97,BC,661
864691136137794941,1642.24,5P-ET,106
864691135719761713,267.62,23P,23
864691135274038801,536.44,23P,92
864691136389679223,4.5,23P,67
864691136620069517,11.32,4P,41
864691135688446944,955.89,23P,117
864691135685661367,456.15,23P,66
864691135498997267,248.55,6P-CT,49
864691136392254847,989.77,5P-IT,66
864691135256861871,347.36,5P-IT,98
864691135919645872,276.29,5P-IT,67
864691135646292719,2.78,5P-IT,70
864691135014696182,413.94,6P-IT,105
864691135083577335,122.78,6P-IT,47
864691135325071004,167.33,23P,63
864691135211926464,1.2,4P,55
864691136967634382,476.01,4P,73
864691136110303416,0.0,4P,53
864691135591664907,111.19,4P,66
864691136674080135,0.0,23P,57
864691136391623039,1053.84,5P-IT,82
864691136034011579,0.0,23P,83
864691135341198789,326.54,23P,61
864691135716428314,54.63,23P,53
864691135688350944,157.6,23P,65
864691135569592300,0.0,4P,63
864691135447638356,203.07,23P,87
864691135273655569,1559.0,5P-ET,92
864691136603342033,146.93,4P,32
864691135692949951,488.86,23P,35
864691135294935564,3.41,BC,291
864691136389878647,139.1,23P,73
864691136380312021,416.78,23P,67
864691135655526082,757.63,23P,62
864691136023889209,2.8,4P,83
864691135782702387,242.22,23P,71
864691134966005023,1054.14,4P,84
864691135350717399,403.21,5P-IT,59
864691136437698206,388.91,4P,39
864691135891467401,14.87,5P-IT,72
864691135492804327,1913.16,BC,590
864691136904615602,594.11,23P,67
864691135773910603,1059.62,5P-IT,87
864691136725020413,76.06,4P,53
864691135778815421,250.54,23P,59
864691136023980601,658.53,5P-IT,84
864691135852138183,364.61,23P,39
864691136145208372,5.45,6P-IT,31
864691136053374451,0.0,23P,63
864691135271282085,201.54,4P,45
864691135271696549,185.64,6P-IT,81
864691135388828033,0.0,6P-IT,23
864691135339982310,195.48,BC,418
864691135868118038,62.45,23P,32
864691136489055762,6.29,4P,57
864691135741458324,86.96,23P,61
864691136052745971,593.21,23P,63
864691136108071129,327.04,23P,105
864691135811260876,293.77,BC,611
864691135656410306,57.83,BC,446
864691135526405723,308.9,MC,274
864691136330407914,1276.88,23P,87
864691135878061395,485.1,5P-IT,58
864691135473692722,0.0,23P,69
864691135464633245,23.23,6P-IT,54
864691135369002233,180.14,6P-CT,29
864691136090602551,0.0,23P,32
864691135473954354,0.0,6P-IT,53
864691136664845278,822.99,23P,119
864691136445215875,86.74,23P,76
864691135136188185,0.0,23P,52
864691135416233914,246.3,23P,23
864691135919854768,143.77,23P,77
864691136603811281,119.68,23P,89
864691135975886447,57.68,23P,66
864691135060094107,0.0,4P,71
864691135888577417,0.0,6P-IT,37
864691135502748482,487.69,5P-IT,64
864691135777521837,195.9,23P,86
864691136674783111,58.11,23P,73
864691135490326074,234.75,23P,71
864691136389875831,441.45,23P,76
864691135474179378,0.0,MC,162
864691137055326070,52.45,4P,56
864691136363828194,108.8,BC,460
864691136108938168,285.33,23P,101
864691135546339880,369.19,5P-IT,123
864691135309141062,184.51,23P,65
864691135105879117,1271.06,5P-ET,51
864691136363303138,0.0,4P,55
864691136210344892,365.83,5P-IT,84
864691136144674612,461.44,23P,88
864691136040977662,503.34,5P-ET,66
864691136905458866,393.47,6P-CT,43
864691135614771147,532.89,23P,75
864691136905203378,0.0,4P,42
864691136335553971,0.0,23P,57
864691136378815445,0.0,4P,29
864691137199419457,2271.33,BC,681
864691136135997579,0.0,23P,58
864691135763402550,248.81,23P,61
864691135571192966,335.36,5P-IT,53
864691136042515798,3.44,6P-IT,42
864691136136516747,719.09,5P-IT,63
864691135066631492,291.79,5P-IT,77
864691135878154067,25.22,BC,240
864691136274488254,1.82,4P,56
864691136053437683,173.34,BC,409
864691135562052065,719.74,23P,108
864691136238652476,95.97,6P-IT,163
864691135342418629,0.0,23P,49
864691135502885954,0.0,23P,48
864691135464714565,1198.75,5P-ET,60
864691135157210468,1009.45,4P,119
864691135773731403,1.19,6P-CT,65
864691135361430087,25.31,5P-IT,45
864691136578820884,1496.91,5P-ET,64
864691135890158729,333.37,23P,93
864691136136778621,79.27,23P,35
864691135388660865,0.0,6P-IT,63
864691136040834558,812.92,4P,46
864691135155894884,224.33,23P,128
864691135778811325,743.98,23P,95
864691135700648226,193.62,23P,23
864691136927187786,404.58,5P-IT,65
864691136579127060,502.87,5P-ET,77
864691135763433270,671.28,23P,79
864691135773776459,0.0,6P-IT,28
864691135940685057,184.91,23P,41
864691136084684396,541.16,23P,37
864691135469924178,0.0,4P,38
864691135368813817,0.0,4P,47
864691135741022356,0.0,5P-IT,43
864691136239387708,7.67,6P-IT,44
864691135572082925,14.81,MC,553
864691135398243105,858.16,5P-IT,57
864691136953835487,256.7,23P,85
864691135866558078,1357.7,BC,694
864691135724393131,335.74,5P-IT,40
864691135640865083,0.0,6P-IT,35
864691136674744199,0.0,4P,61
864691135014479766,163.97,23P,61
864691135342848433,35.99,4P,49
864691136452081151,332.97,23P,41
864691135809509917,171.46,6P-IT,47
864691136066631832,270.85,4P,56
864691135654715586,217.57,23P,35
864691135942612340,1.88,23P,47
864691136967985870,302.48,6P-CT,25
864691135970653797,10.53,4P,49
864691135519105930,329.59,23P,80
864691135273844753,0.0,23P,53
864691135539486066,147.78,23P,73
864691135701272610,0.0,6P-IT,45
864691135455123562,496.0,23P,23
864691135464263742,392.3,5P-IT,81
864691135952121379,619.62,23P,25
864691135430356784,455.06,5P-IT,91
864691135479830982,458.13,4P,128
864691135809354269,670.1,23P,69
864691136275919117,398.97,23P,27
864691135014860278,50.45,5P-IT,59
864691135801604706,49.11,4P,113
864691135499283987,353.94,6P-IT,57
864691136451224831,218.08,23P,49
864691135122469671,155.72,23P,13
864691135578670597,157.06,6P-IT,31
864691135276234469,166.39,23P,53
864691135996497834,750.72,4P,82
864691135136735001,648.77,4P,133
864691136452609023,342.04,5P-IT,81
864691134884807418,748.17,23P,81
864691136380816597,542.22,4P,74
864691136363473634,0.0,4P,47
864691135772764411,85.65,23P,13
864691135468161164,461.11,23P,41
864691135916660582,335.98,23P,77
864691136380757461,610.97,5P-IT,85
864691135476495936,733.67,4P,135
864691135233730649,106.46,23P,15
864691135367033849,0.0,5P-IT,35
864691136389688695,205.66,23P,79
864691135510846217,415.72,6P-CT,34
864691135686055351,0.0,6P-IT,47
864691135502730562,116.82,23P,27
864691135082864887,925.44,5P-IT,105
864691135358995288,105.17,23P,33
864691135517376211,1031.33,5P-ET,74
864691135700799778,116.26,23P,51
864691135361314119,0.0,23P,59
864691136675427975,419.86,5P-IT,69
864691136579629844,0.0,5P-IT,38
864691136092725684,144.64,4P,64
864691136521831825,325.73,5P-IT,129
864691136990522517,133.62,23P,90
864691136084313196,214.91,5P-ET,31
864691135756145106,854.49,23P,67
864691136195566294,581.18,4P,92
864691136664308446,175.8,5P-IT,81
864691135430460720,1030.31,23P,59
864691135137007129,37.06,MC,723
864691135868210454,58.71,23P,65
864691136488821266,1216.86,23P,91
864691135388675969,243.98,5P-IT,51
864691135404860654,35.67,23P,39
864691135741197716,0.0,4P,57
864691136137140093,1371.1,5P-ET,410
864691136445277315,125.06,23P,49
864691135346975135,171.96,5P-IT,56
864691134886663674,9.32,5P-IT,85
864691135124209447,0.0,6P-IT,49
864691135890167433,19.78,5P-IT,103
864691136195824204,170.97,23P,55
864691135519240586,844.2,23P,73
864691135489685818,158.23,23P,51
864691136118618136,93.95,23P,33
864691135493031519,1.66,5P-IT,67
864691136372630152,10.02,6P-IT,41
864691136445237123,0.0,23P,47
864691135360017752,176.01,23P,33
864691135446065810,341.67,MC,391
864691135119056861,441.06,23P,86
864691135778288573,259.86,6P-IT,49
864691135970210661,63.91,5P-IT,112
864691135495542672,3251.79,BC,618
864691136424990255,183.13,6P-IT,59
864691135842794979,0.0,6P-IT,25
864691135440543560,35.56,4P,45
864691136042982742,70.01,23P,68
864691135492614239,280.02,5P-IT,185
864691135274622481,104.72,BC,267
864691136119957272,96.23,4P,45
864691135462420637,0.0,4P,41
864691136239460668,388.22,6P-IT,38
864691136674495623,317.52,5P-IT,65
864691136903144370,85.58,6P-IT,50
864691136195889622,204.78,23P,134
864691135257669039,296.63,23P,69
864691136143696692,144.24,23P,41
864691135953669667,751.17,23P,61
864691135429763120,582.46,23P,38
864691136330122730,473.98,5P-IT,69
864691136107603673,442.82,5P-IT,89
864691135763593014,140.07,23P,49
864691135610849031,0.0,23P,69
864691135118298333,34.49,BPC,190
864691135430346544,768.82,5P-IT,57
864691135257404079,447.94,23P,45
864691136311115610,252.68,23P,53
864691136725032701,324.85,4P,61
864691135809608652,123.55,5P-IT,59
864691136380795861,424.99,5P-IT,88
864691135447312274,385.44,5P-IT,102
864691135360096071,460.85,5P-IT,49
864691135360302680,0.0,4P,31
864691135586711932,18.79,23P,39
864691135885406064,16.4,5P-IT,57
864691135701624699,176.46,23P,71
864691135409675721,124.37,BC,297
864691135497743635,850.42,4P,128
864691135763362102,0.0,4P,33
864691134886404090,164.94,5P-IT,73
864691135742247787,0.0,4P,53
864691135760598606,296.32,6P-IT,42
864691135989828864,0.0,23P,46
864691137198844737,0.6,6P-IT,31
864691135118918109,146.13,MC,264
864691135801170018,151.67,23P,39
864691136298125851,379.6,23P,51
864691135948685665,17.51,BC,354
864691136967478222,106.8,5P-IT,96
864691135849300318,0.0,5P-IT,82
864691136618553563,878.72,4P,89
864691136274786494,0.0,5P-NP,24
864691135272206865,388.71,23P,61
864691137055290998,772.39,MC,31
864691136010928046,177.7,5P-IT,91
864691134942169955,251.79,23P,89
864691135917047910,26.22,6P-IT,51
864691135988649219,0.0,4P,73
864691134966324767,324.59,4P,57
864691136086206316,327.93,5P-IT,53
864691135099901728,7.99,6P-IT,33
864691135183251970,0.0,23P,61
864691136380718037,0.0,6P-IT,47
864691136953413599,230.18,4P,74
864691135577202181,148.51,MC,283
864691135655390658,106.26,23P,60
864691136275771917,0.0,6P-IT,33
864691136227484753,73.43,23P,56
864691135059143323,438.22,5P-IT,36
864691135975633475,602.54,5P-IT,51
864691135489677882,735.86,23P,71
864691135214653240,0.0,6P-IT,5
864691135503182685,2163.25,5P-ET,73
864691135927533070,2.4,6P-IT,49
864691135501703746,95.09,23P,25
864691135756844242,75.45,BC,458
864691135585564280,0.0,4P,47
864691135809280541,299.65,4P,51
864691135577221406,342.2,6P-IT,58
864691136974876956,1901.22,5P-ET,71
864691135720061233,302.49,5P-IT,43
864691135324623260,74.51,5P-IT,93
864691136107486169,15.18,4P,71
864691135810803660,0.0,6P-IT,5
864691136905758130,35.97,4P,56
864691136009982124,20.17,4P,71
864691136106958809,267.13,23P,44
864691135639556411,196.48,5P-IT,65
864691135566237527,556.56,23P,72
864691135339978214,498.8,5P-IT,65
864691135271463077,408.2,4P,56
864691135990134784,186.48,4P,36
864691135397023777,854.65,5P-ET,46
864691135868957462,0.0,6P-IT,43
864691136742623580,27.1,6P-IT,41
864691135688186080,868.67,5P-ET,51
864691135470154834,277.79,6P-IT,84
864691135591727115,127.35,23P,35
864691135519025802,68.81,23P,78
864691135124248359,63.23,5P-IT,85
864691136239081532,307.8,23P,75
864691136579091988,15.69,23P,52
864691135294190518,76.55,23P,51
864691136438216350,112.92,BC,461
864691135455977578,1964.25,6P-IT,89
864691135489514810,2275.13,5P-ET,110
864691135234382937,364.52,23P,59
864691135359010904,193.47,23P,19
864691136966189518,106.36,MC,246
864691135349839831,631.47,23P,87
864691134886912506,627.87,5P-IT,65
864691136675519879,616.34,BC,562
864691135293096118,0.0,5P-IT,302
864691135163673901,1360.94,5P-IT,149
864691135361689159,814.05,5P-IT,74
864691135778700477,160.27,23P,160
864691135993767617,109.86,6P-CT,47
864691135755308493,459.81,5P-IT,78
864691135585713528,486.91,5P-IT,67
864691135356428751,2447.28,BC,582
864691135428676144,0.0,23P,11
864691135941435393,21.06,4P,29
864691135731656633,0.0,23P,45
864691135385422677,141.32,4P,61
864691135851839687,389.34,5P-IT,52
864691135848030814,68.85,23P,93
864691135942643060,462.22,4P,62
864691135477839784,0.0,6P-IT,37
864691135492991839,0.0,5P-IT,37
864691135645874159,639.06,23P,70
864691135940847270,99.51,23P,52
864691136925601354,763.73,4P,59
864691135953985800,16.98,23P,51
864691135816565839,677.74,23P,103
864691136066069400,327.74,23P,39
864691135617152361,486.63,5P-IT,99
864691136093003700,906.2,5P-IT,159
864691135726340523,143.89,6P-IT,55
864691135741655956,153.56,23P,76
864691136195798504,413.05,5P-ET,42
864691135214643256,31.35,6P-IT,110
864691134886037498,398.62,BC,449
864691135868919318,642.04,5P-IT,59
864691135503433309,0.0,4P,47
864691135937286404,901.3,4P,68
864691136927595082,14.46,BC,303
864691135539536754,146.75,23P,56
864691135430853424,2.48,23P,53
864691135308673094,18.47,4P,63
864691136013053859,122.71,4P,65
864691136419797655,388.04,5P-ET,44
864691135350542039,572.82,5P-IT,91
864691136603306193,266.03,6P-IT,65
864691135866576604,698.82,4P,72
864691135772053835,0.0,23P,62
864691135852637127,0.97,6P-IT,43
864691135375572168,322.3,5P-IT,75
864691135572530981,426.21,5P-ET,65
864691136209328060,500.45,23P,133
864691135688387040,430.0,4P,64
864691135396485877,14.18,6P-IT,57
864691135890856073,34.0,4P,88
864691135755384269,0.0,4P,44
864691136380268245,227.23,23P,47
864691135919749808,159.66,6P-CT,27
864691136177308422,901.31,BC,631
864691135404763374,184.29,23P,23
864691135212863360,348.32,MC,591
864691135583277677,0.0,4P,53
864691135464101789,349.42,23P,57
864691135855890478,217.96,23P,109
864691136275031565,973.22,5P-IT,43
864691135782542416,1245.75,23P,87
864691135569282284,1019.82,MC,270
864691135430859056,412.37,5P-IT,107
864691135496268176,504.73,23P,108
864691135572654885,224.57,23P,75
864691136298624539,0.0,5P-IT,43
864691135760319822,0.0,4P,47
864691134948973308,137.01,4P,97
864691135375430985,15.87,MC,717
864691135325046940,0.0,BC,69
864691135927647956,236.36,4P,29
864691136674275975,0.0,23P,61
864691135382556378,1618.4,5P-ET,42
864691135615585739,174.01,23P,57
864691135114178969,383.45,5P-IT,113
864691135611140359,0.0,4P,62
864691134966069023,0.0,4P,51
864691135749141801,377.69,23P,89
864691135510406921,23.49,4P,57
864691136052366067,132.5,23P,57
864691136991901845,0.0,6P-IT,37
864691135775906989,320.21,5P-IT,40
864691136052828915,152.58,4P,57
864691135811349452,185.59,BC,454
864691136602371025,501.61,23P,41
864691135578571013,0.0,4P,38
864691136390601335,11.59,6P-IT,1
864691135760106830,148.46,4P,61
864691135276132325,94.62,23P,65
864691135518453642,444.27,23P,34
864691135738868593,0.0,23P,53
864691136210743740,617.57,5P-IT,87
864691135162908461,228.82,4P,49
864691136110765496,3.6,MC,196
864691135955081992,0.0,23P,33
864691135946676260,326.78,23P,31
864691135941293057,402.15,6P-CT,19
864691136579098388,506.69,23P,59
864691135694264511,1256.63,4P,85
864691135684657079,424.4,23P,49
864691135688823008,341.1,6P-IT,118
864691136335150259,873.4,5P-ET,88
864691136390474359,0.0,23P,55
864691135517531786,98.07,23P,63
864691135479592902,0.0,23P,56
864691136914031601,326.09,4P,55
864691135562001633,783.51,BC,645
864691136904595890,0.0,23P,37
864691135491204327,394.31,23P,27
864691135911301033,660.34,23P,60
864691135209947769,798.68,5P-IT,84
864691135688375264,249.13,23P,80
864691135562410721,240.03,6P-IT,52
864691135593659947,52.56,4P,83
864691136175901190,326.56,5P-IT,57
864691135492023271,325.77,23P,41
864691136090670903,0.0,23P,47
864691136117613476,66.36,23P,54
864691135954021923,776.27,5P-IT,106
864691136618530267,0.0,4P,48
864691135134155168,175.48,23P,46
864691136195400150,411.86,23P,72
864691136674749575,89.62,23P,78
864691135404765166,25.5,MC,183
864691135816765775,93.03,23P,69
864691135280481697,374.45,5P-IT,55
864691136975144988,467.45,23P,77
864691135725842603,108.73,4P,71
864691136724880893,489.34,23P,31
864691136274712254,1.61,6P-IT,39
864691136227020113,162.06,6P-CT,29
864691135375767369,3.13,5P-IT,55
864691135885140848,526.42,23P,69
864691136619096795,504.68,5P-IT,60
864691135209432185,1157.2,23P,70
864691134966014495,979.83,23P,100
864691135115058329,36.14,BC,194
864691135750141481,0.0,23P,56
864691135464758173,156.7,BC,479
864691136195818828,4.25,23P,70
864691136488999186,0.0,4P,47
864691135867644805,2.31,5P-IT,36
864691135463695429,688.35,23P,49
864691136273494206,69.12,23P,35
864691135885663600,0.0,5P-NP,98
864691135375976521,1360.08,BC,656
864691136812081779,188.15,23P,85
864691135849699166,1534.4,5P-IT,84
864691136177029382,0.92,6P-IT,34
864691135113733529,435.02,4P,62
864691135742189163,0.0,4P,37
864691135324361372,113.19,4P,61
864691135375182792,151.51,5P-IT,131
864691136674274951,241.83,23P,61
864691135384292843,68.56,4P,61
864691135492613471,0.0,23P,48
864691136138335101,0.0,6P-IT,45
864691136742244188,0.0,4P,53
864691136437883550,350.95,5P-IT,72
864691135975539779,64.03,23P,101
864691136420210327,2.28,4P,39
864691136725655037,0.0,23P,45
864691135970226021,220.86,23P,80
864691135114295961,0.0,5P-IT,127
864691136009871790,220.76,23P,69
864691136620195213,18.23,MC,146
864691135697613077,862.83,5P-ET,49
864691135993150913,150.25,23P,89
864691135395617525,586.35,4P,91
864691134965778719,0.0,23P,74
864691135971076965,14.31,BC,276
864691136742874716,78.05,BC,380
864691135517665235,0.0,4P,43
864691136025333561,0.0,4P,100
864691135952122147,185.91,23P,105
864691135293605558,0.0,4P,69
864691135988769027,51.26,23P,96
864691135701676411,381.81,23P,146
864691135742327147,174.54,6P-IT,25
864691135701896315,71.78,23P,39
864691135777381805,259.94,6P-IT,55
864691135234387801,60.33,23P,48
864691135503798965,459.28,6P-IT,413
864691135157198692,0.0,23P,44
864691136089194039,1143.66,5P-ET,60
864691135498973715,146.06,23P,53
864691135585046648,468.06,23P,19
864691135572576237,0.0,23P,55
864691135211568576,25.8,4P,51
864691135196040746,990.82,5P-ET,69
864691136311451226,0.0,6P-IT,75
864691135646493679,142.44,BPC,99
864691135491167207,159.46,23P,37
864691135375603400,416.73,5P-IT,92
864691135441799752,407.44,23P,169
864691136991202453,2159.23,5P-ET,139
864691135726140843,658.72,4P,114
864691135809158685,0.0,4P,47
864691135469422674,149.36,23P,60
864691135811335116,270.97,6P-IT,47
864691135786698436,475.08,23P,65
864691136663700958,0.0,23P,37
864691135920571056,0.0,4P,55
864691135753932237,6.06,4P,73
864691135396115189,0.0,6P-IT,49
864691136092638900,0.0,4P,71
864691135361291591,297.81,5P-IT,350
864691135479404742,0.0,5P-NP,105
864691137198748225,0.0,23P,32
864691136390183696,0.0,4P,35
864691135990520832,0.0,23P,57
864691136238090767,387.67,5P-IT,53
864691135293436854,54.76,4P,47
864691135807579933,238.03,4P,63
864691136275807757,0.0,6P-IT,41
864691135725779883,622.86,BC,393
864691135738047620,3.6,5P-IT,87
864691136052688115,488.26,4P,88
864691135014966262,143.3,5P-IT,79
864691135591041291,573.75,23P,114
864691135911679145,405.26,5P-IT,75
864691135996104618,2938.99,BC,592
864691136136766589,794.29,23P,27
864691135356839887,42.23,5P-IT,59
864691135398430241,256.55,4P,73
864691135469753426,201.52,23P,53
864691136974813212,166.9,5P-IT,77
864691135640325435,259.98,4P,68
864691135480311494,213.5,6P-IT,69
864691135384176602,0.0,5P-IT,101
864691136195284556,184.57,MC,388
864691136195419606,0.0,23P,49
864691135106110285,1419.57,BC,590
864691135570534534,0.0,23P,55
864691136124845606,145.38,23P,25
